CMM,ソフトウェア能力成熟度モデル(CMM),,,,,,,,,,,,,,,
ER図,ＥＲ図,,,,,,,,,,,,,,,
GUI,GUIコンポーネント,,,,,,,,,,,,,,,
UML,UMLのクラス,,,,,,,,,,,,,,,
UMLモデリング,UMLによるモデリング,,,,,,,,,,,,,,,
XP,eXtreme Programming,,,,,,,,,,,,,,,
アーキテクチャ,ソフトウェアアーキテクチャ,,,,,,,,,,,,,,,
アーキテクチャ設計,ソフトウェアアーキテクチャ設計,,,,,,,,,,,,,,,
アーキテクチャ設計,情報アーキテクチャの設計,開発システムアーキテクチャ設計,,,,,,,,,,,,,,
アジャイル,アジャイルソフトウェア開発,アジャイルソフトウトウェア開発,アジャイル開発,アジャイル開発論,アジャイル開発とScrum,,,,,,,,,,,
イベント駆動プログラミング,イベント駆動型プログラミング,,,,,,,,,,,,,,,
ウォータフォールモデル,ウォータフォールモデ ル,ウォータフォール型開発,ウォーターフォール,ウォーターフォールモデル,ウォータフォールモデ ル,ウォーターフォールモデル,,,,,,,,,,
オブジェクト図,オブジ ェクト図,,,,,,,,,,,,,,,
オブジェクト指向,オブジェクト指向プログラミング,オブジェクト指向技術,オブジェクト指向技法,オブジェクト指向分析,オブジェクト指向法,オブジェクト指向指向,,,,,,,,,,
オブジェクト指向分析,オブジェクト指向分析・設計技法,,,,,,,,,,,,,,,
オブジェクト指向設計,オブジェクト指向設計原則,オブジェクト指向設計法,,,,,,,,,,,,,,
オブジェクト指向開発,オブジェクト開発手法,オブジェクト指向設計開発,オブジェクト指向開発手法,,,,,,,,,,,,,
カバレッジ,カバレッジ(網羅率),テストの網羅性,コードカバレッジメトリクス,,,,,,,,,,,,,
クラス階層,クラス 構造,,,,,,,,,,,,,,,
コーディング規約,コーディング作法,コーディング標準,,,,,,,,,,,,,,
システムテスト,システム検証,ソフトウェア検証,テスト・検証,検証,,,,,,,,,,,,
スクラム,SCRUM開発法,,,,,,,,,,,,,,,
ソースコード管理,ソフトウェアの管理,,,,,,,,,,,,,,,
ソフトウェアテスト,ソフトウェアのテスト,ソフトウェアのテスト・検証手法,ソフトウェアのテスト技法,ソフトウェアテスト技法,ソフトウェアテスト・検査,テスト,テストと検証,テスト・検証,テストの実施,テスティング,,,,,,
ソフトウェアの品質,システムの品質,,,,,,,,,,,,,,,
ソフトウェアの開発方法,ソフトウェアの開発手法,,,,,,,,,,,,,,,
ソフトウェアプロセス,ソフトウェアの開発工程,ソフトウェアのライフサイクル,ソフトウェアライフサイクル,ソフトウェア・ライフサイクル,ソフトウェア開発のプロセス,ソフトウェア開発プロセス,ソフトウェア開発プロセス概論,ソフトウェア製品と開発プロセス,ソフトウェア開発工程,ソフトウェア開発過程,開発⼯程,開発サイクル,開発プロセス,開発工程,設計／実装工程,ライフサイクル
ソフトウェアメトリクス,ソフトウェアメトリックス,,,,,,,,,,,,,,,
ソフトウェア再利用,ソフトウェアの再利用,,,,,,,,,,,,,,,
ソフトウェア品質,品質,,,,,,,,,,,,,,,
ソフトウェア検証,ソフトウェアの検証,,,,,,,,,,,,,,,
ソフトウェア見積もり,ソフトウェアの見積り,ソフトウェア規模の見積もり方法,見積もり,規模見積もり,開発規模の⾒積もり,工数見積もり,,,,,,,,,,
ソフトウェア設計,ソフトウェア設計序論,ソフトウェアの設計,,,,,,,,,,,,,,
ソフトウェア開発手法,ソフトウェア開発法,ソフトウェアの開発方法,,,,,,,,,,,,,,
ソフトウェア開発計画,開発計画,プロジェクト計画,,,,,,,,,,,,,,
デザインパターン,デザインパターン化設計,デザイン・パターン,Design Pattern,,,,,,,,,,,,,
デザインパターン,GoFパターン,,,,,,,,,,,,,,,
デザインレビュー,デザイン・レビュー,,,,,,,,,,,,,,,
テストケース設計,テストケースの設計,テスト設計,,,,,,,,,,,,,,
テストケース設計,テストケースの設計,テス トケース設計,,,,,,,,,,,,,,
テスト⼯程,ソフトウェアテストプロセス,テストの手順,テストプロセス,,,,,,,,,,,,,
テスト技法,テスト技術,,,,,,,,,,,,,,,
テスト技術,テスト技法,テスト手法の理解,テストの目的や技法,ソルトウェアテスト技術,,,,,,,,,,,,
テスト計画,テスト計画・設計,,,,,,,,,,,,,,,
テスト駆動開発,テスト駆動型開発,,,,,,,,,,,,,,,
デバッガ,デバッガツール,デバッグツールの使用法等,,,,,,,,,,,,,,
デバッグ,デバック,デバッグ技法,デバッグ方法,,,,,,,,,,,,,
デプロイ,デプロイメント,,,,,,,,,,,,,,,
バージョン管理,バージョンコントロール,バージョン管理システム,,,,,,,,,,,,,,
バグ,欠陥,,,,,,,,,,,,,,,
ファンクションポイント,機能規模計測,,,,,,,,,,,,,,,
プログラミング,基本機能の実装,プログラム製造,実装,プログラミング技法,開発技法,,,,,,,,,,,
プロジェクト管理,プロジェクトマネジメント,,,,,,,,,,,,,,,
プロトタイピング,プロトタイプ,ダーティプロトタイプ,,,,,,,,,,,,,,
マルチスレッド,マルチスレッドプログラミング,スレッド,スレッドプール,,,,,,,,,,,,,
モジュール設計,モジュール分割,モジュール化,,,,,,,,,,,,,,
モデリング,モデリング技法,モデル化技法,モデル化,,,,,,,,,,,,,
モデリング,ソフトウェアモデリング,,,,,,,,,,,,,,,
ユーザインタフェース設計,ユーザインターフェース設計,,,,,,,,,,,,,,,
ユースケース図,ユ ースケース図,,,,,,,,,,,,,,,
リスク分析,リスク分析モデル・技法,,,,,,,,,,,,,,,
レビュー,レビュー技法,レビュー技術,,,,,,,,,,,,,,
仕様作成,仕様策定,,,,,,,,,,,,,,,
保守,保守作業,,,,,,,,,,,,,,,
保守と進化,保守と発展,保守と進化のプロセス,,,,,,,,,,,,,,
停⽌性,プログラムの停止性,,,,,,,,,,,,,,,
再利用,ソフトウェアの再利用,部品化・再利用,,,,,,,,,,,,,,
品質技術,品質向上技術,,,,,,,,,,,,,,,
品質評価技法,品質評価方法,,,,,,,,,,,,,,,
回帰テスト,回帰テスト(リグレッションテスト),,,,,,,,,,,,,,,
形式手法,型式手法（形式手法）,,,,,,,,,,,,,,,
検証,検証と妥当性確認,,,,,,,,,,,,,,,
構成管理,構成管理ツール,変更・構成・バージョン管理,ソフトウェア構成管理,,,,,,,,,,,,,
構造化分析,構造化分析の基礎,構造化分析手法,構造化分析技法,構造化分析法,構造化分析,,,,,,,,,,,
構造化手法,構造化技法,構造化設計,構造化設計法,構造化開発手法,構造化・抽象化,構造化プログラミング,構造化モデル,構造体・オブジェクト指向,ソフトウェアの構造化,構造化,,,,,,
機能独立,機能独立性,,,,,,,,,,,,,,,
状態遷移図,状態図,状態遷移,状態遷移モデル,状態遷移図,,,,,,,,,,,,
統合テスト,ソフトウェア統合テスト,,,,,,,,,,,,,,,
統合開発環境,開発環境,ソフトウェア開発環境,ソフトウェア開発支援ツール,プログラミング環境,ソフトウェア開発支援ツール,ツールと環境,ツール統合機構,,,,,,,,,
継続的インテグレーション,CI,,,,,,,,,,,,,,,
複雑度のメトリクス,CK Metrics,Halstead's Complexity Metrics,McCabe's Cyclomatic Number,,,,,,,,,,,,,
要求仕様,要求仕様書,,,,,,,,,,,,,,,
設計,設計／実装工程,ソフトウェア設計,設計・再利用,設計作業,設計手法,,,,,,,,,,,
設計手法,設計技法,,,,,,,,,,,,,,,
詳細設計,ソフトウェア詳細設計,,,,,,,,,,,,,,,
開発環境,開発環境・開発ツール,開発環境整備,,,,,,,,,,,,,,
開発管理,ソフトウェア開発管理,,,,,,,,,,,,,,,